,A_IP1,T_IP1,C_IP1,G_IP1,trun_IP1,del_IP1,ins_IP1,mismatch_IP1,A_IP2,T_IP2,C_IP2,G_IP2,trun_IP2,del_IP2,ins_IP2,mismatch_IP2,A_IN1,T_IN1,C_IN1,G_IN1,trun_IN1,del_IN1,ins_IN1,mismatch_IN1,A_IN2,T_IN2,C_IN2,G_IN2,trun_IN2,del_IN2,ins_IN2,mismatch_IN2,shape,ref_seq
14313,4786,6,15,9,45,0.0,0.0,30,2343,4,4,9,19,0.0,0.0,17,124.0,0.0,0.0,0.0,1.0,0.0,0.0,0.0,333.0,0.0,0.0,0.0,3.0,0.0,0.0,0.0,0.02199999988079071,U
14314,13,14,4832,4,41,0.0,0.0,31,4,2,2393,12,5,1.0,0.0,18,0.0,0.0,126.0,0.0,0.0,0.0,0.0,0.0,2.0,0.0,335.0,0.0,1.0,0.0,0.0,2.0,0.04100000113248825,G
14315,16,4788,33,4,42,1.0,0.0,53,4,2400,6,7,20,0.0,0.0,17,0.0,125.0,0.0,0.0,0.0,0.0,0.0,0.0,0.0,340.0,0.0,0.0,0.0,0.0,0.0,0.0,0.1850000023841858,A
14316,4823,23,14,13,68,4.0,0.0,50,2408,8,4,12,37,3.0,0.0,24,128.0,0.0,0.0,0.0,0.0,0.0,0.0,0.0,344.0,0.0,0.0,1.0,5.0,0.0,0.0,1.0,0.36500000953674316,U
14317,30,4773,38,12,29,0.0,0.0,80,17,2383,14,10,12,0.0,0.0,41,0.0,128.0,1.0,0.0,3.0,0.0,0.0,1.0,1.0,338.0,0.0,0.0,1.0,0.0,0.0,1.0,0.35899999737739563,A
14318,31,4791,53,17,266,14.0,0.0,101,18,2399,11,17,95,12.0,0.0,46,0.0,123.0,2.0,0.0,7.0,0.0,0.0,2.0,0.0,341.0,1.0,0.0,8.0,0.0,0.0,1.0,0.43799999356269836,A
14319,4573,81,16,14,365,0.0,0.0,111,2318,48,7,15,168,0.0,0.0,70,119.0,3.0,0.0,0.0,9.0,0.0,0.0,3.0,339.0,2.0,0.0,0.0,21.0,0.0,0.0,2.0,0.3409999907016754,U
14320,4331,31,15,15,175,0.0,0.0,61,2208,15,15,18,70,0.0,0.0,48,115.0,1.0,0.0,0.0,4.0,0.0,0.0,1.0,325.0,0.0,0.0,0.0,12.0,0.0,0.0,0.0,0.3059999942779541,U
14321,4260,18,15,39,102,0.0,0.0,72,2174,14,16,26,47,0.0,0.0,56,115.0,0.0,1.0,2.0,2.0,0.0,0.0,3.0,321.0,0.0,0.0,0.0,3.0,0.0,0.0,0.0,0.17499999701976776,U
