,A_IP1,T_IP1,C_IP1,G_IP1,trun_IP1,del_IP1,ins_IP1,mismatch_IP1,A_IP2,T_IP2,C_IP2,G_IP2,trun_IP2,del_IP2,ins_IP2,mismatch_IP2,A_IN1,T_IN1,C_IN1,G_IN1,trun_IN1,del_IN1,ins_IN1,mismatch_IN1,A_IN2,T_IN2,C_IN2,G_IN2,trun_IN2,del_IN2,ins_IN2,mismatch_IN2,shape,ref_seq
14344,25,3741,39,16,61,0.0,0.0,80,23,2463,17,15,28,0.0,0.0,55,0.0,106.0,1.0,0.0,2.0,0.0,0.0,1.0,2.0,352.0,2.0,1.0,3,0.0,0.0,5.0,0.9330000281333923,A
14345,31,27,3795,18,127,0.0,0.0,76,19,20,2486,14,75,1.0,0.0,53,0.0,0.0,104.0,1.0,3.0,0.0,0.0,1.0,2.0,2.0,355.0,0.0,9,0.0,0.0,4.0,0.9290000200271606,G
14346,3694,39,33,31,108,0.0,0.0,103,2446,17,14,24,55,0.0,0.0,55,102.0,0.0,0.0,0.0,2.0,0.0,0.0,0.0,356.0,1.0,3.0,1.0,7,0.0,0.0,5.0,0.9110000133514404,U
14347,66,3706,38,30,211,0.0,0.0,134,20,2470,22,26,93,2.0,0.0,68,0.0,99.0,0.0,0.0,3.0,0.0,0.0,0.0,2.0,354.0,0.0,0.0,18,0.0,0.0,2.0,0.8579999804496765,A
14348,3638,48,27,39,102,3.0,0.0,114,2375,27,21,25,36,0.0,0.0,73,94.0,0.0,0.0,0.0,0.0,0.0,0.0,0.0,338.0,0.0,0.0,1.0,6,0.0,0.0,1.0,0.8019999861717224,U
14349,62,58,3611,29,63,1.0,0.0,149,25,33,2431,21,37,0.0,0.0,79,0.0,0.0,100.0,0.0,0.0,0.0,0.0,0.0,0.0,1.0,339.0,1.0,2,0.0,0.0,2.0,0.5889999866485596,G
