,A_IP1,T_IP1,C_IP1,G_IP1,trun_IP1,del_IP1,ins_IP1,mismatch_IP1,A_IP2,T_IP2,C_IP2,G_IP2,trun_IP2,del_IP2,ins_IP2,mismatch_IP2,A_IN1,T_IN1,C_IN1,G_IN1,trun_IN1,del_IN1,ins_IN1,mismatch_IN1,A_IN2,T_IN2,C_IN2,G_IN2,trun_IN2,del_IN2,ins_IN2,mismatch_IN2,shape,ref_seq
14350,48,3630,42,28,79,1.0,0.0,118,13,2434,25,18,41,1.0,0.0,56,0.0,98.0,0.0,0.0,1.0,0.0,0.0,0.0,1.0,335.0,2.0,2.0,10,0.0,0.0,5.0,0.8059999942779541,A
14351,31,61,3669,28,50,5.0,0.0,120,21,35,2444,9,20,3.0,0.0,65,0.0,0.0,101.0,0.0,2.0,0.0,0.0,0.0,2.0,1.0,329.0,0.0,3,1.0,0.0,3.0,0.6039999723434448,G
14352,38,3678,70,34,28,0.0,0.0,142,17,2440,32,13,13,0.0,0.0,62,0.0,99.0,0.0,0.0,0.0,0.0,0.0,0.0,0.0,326.0,1.0,0.0,1,0.0,0.0,1.0,0.6650000214576721,A
14353,63,3760,55,34,46,0.0,0.0,152,30,2501,26,16,34,0.0,0.0,72,0.0,100.0,0.0,0.0,2.0,0.0,0.0,0.0,1.0,330.0,0.0,0.0,3,0.0,0.0,1.0,0.6579999923706055,A
14354,38,4221,39,20,38,2.0,0.0,97,15,2765,20,11,22,0.0,0.0,46,0.0,107.0,0.0,0.0,0.0,0.0,0.0,0.0,0.0,350.0,1.0,0.0,2,0.0,0.0,1.0,0.5709999799728394,A
14355,21,46,4486,26,93,0.0,0.0,93,13,31,2831,8,33,0.0,0.0,52,0.0,0.0,108.0,0.0,2.0,0.0,0.0,0.0,1.0,2.0,355.0,0.0,9,0.0,0.0,3.0,0.2639999985694885,G
14356,4551,24,14,20,58,2.0,0.0,58,2849,18,18,7,31,2.0,0.0,43,108.0,0.0,0.0,0.0,1.0,0.0,0.0,0.0,346.0,1.0,1.0,0.0,4,0.0,0.0,2.0,0.32100000977516174,U
14357,21,26,4695,17,55,0.0,0.0,64,13,11,2969,7,27,0.0,0.0,31,0.0,0.0,110.0,0.0,4.0,0.0,0.0,0.0,0.0,0.0,355.0,0.0,4,0.0,0.0,0.0,0.28700000047683716,G
14358,24,25,4718,11,45,9.0,0.0,60,18,10,2986,3,18,5.0,0.0,31,0.0,0.0,109.0,0.0,2.0,0.0,0.0,0.0,0.0,0.0,354.0,0.0,1,0.0,0.0,0.0,0.07000000029802322,G
